folder,press_release_link,press_release_link_new,juridiction,country_of_violation,currency,decision_date,defendant,extracted_authorities,judge,justice_type,monetary_sanction,monitor,reference,type,pred_cooperation_credit,pred_court,pred_currency,pred_decision_date,pred_extracted_violations,pred_folder,pred_judge,pred_monitor,pred_nature_de_sanction,pred_nature_of_violations,pred_reference,pred_extracted_authorities,pred_type,pred_justice_type,pred_defendant,pred_country_of_violation,pred_penalty_details,pred_monetary_sanction,pred_compliance_obligations
colin-steven,doj/text/colin-steven/press-release.txt,https://storage.googleapis.com/theolex_documents_processing/doj/text/colin-steven/press-release.txt,doj,,USD,,,,,,,,,,"The agreement acknowledged Embraer’s cooperation with the investigations.;;With the cooperation of U.S. authorities, Brazilian authorities have charged 11 individuals for their alleged involvement in Embraer’s misconduct in the Dominican Republic.;;The Fraud Section appreciates the cooperation and assistance provided by the SEC in this matter.;;The Department also appreciates the cooperation and assistance provided by authorities in Brazil, the Dominican Republic, South Africa and Switzerland in this matter.",,USD,,-- DUMMY --,-- DUMMY --,Alison J. Nathan,0,-- DUMMY --,-- DUMMY --,-- DUMMY --,--Error-- 'DataHandler' object has no attribute 'juriction',-- DUMMY --,--Error-- 'DataHandler' object has no attribute 'features_dict',-- DUMMY --,"saudi arabia;;california;;u.k.;;the dominican republic;;florida;;los angeles;;usao;;miami;;brazil;;saudi arabia’s;;switzerland;;u.s.;;the dominican republic, south africa;;the united arab emirates;;component(s;;new york",-- DUMMY --,-- DUMMY --,
8376-21,cftc/text/8376-21/press-release.txt,https://storage.googleapis.com/theolex_documents_processing/cftc/text/8376-21/press-release.txt,cftc,United States of America,USD,,,,,,,,,,The CFTC appreciates the cooperation and assistance of the State of New Mexico Securities Division.,U.S. District Court for the District of New Mexico,USD,2019-12-09,-- DUMMY --,-- DUMMY --,,0,-- DUMMY --,-- DUMMY --,-- DUMMY --,--Error-- 'DataHandler' object has no attribute 'juriction',-- DUMMY --,--Error-- 'DataHandler' object has no attribute 'features_dict',-- DUMMY --,United States,-- DUMMY --,-- DUMMY --,
lr15164,sec/text/lr15164/press-release.txt,https://storage.googleapis.com/theolex_documents_processing/sec/text/lr15164/press-release.txt,sec,,USD,,,,,,,,,,,,USD,,-- DUMMY --,-- DUMMY --,,0,-- DUMMY --,-- DUMMY --,-- DUMMY --,--Error-- 'DataHandler' object has no attribute 'juriction',-- DUMMY --,--Error-- 'DataHandler' object has no attribute 'features_dict',-- DUMMY --,,-- DUMMY --,-- DUMMY --,
7234-15,cftc/text/7234-15/press-release.txt,https://storage.googleapis.com/theolex_documents_processing/cftc/text/7234-15/press-release.txt,cftc,United States of America,USD,,,,,,,,,,,U.S. District Court for the Southern District of Florida,USD,,-- DUMMY --,-- DUMMY --,,0,-- DUMMY --,-- DUMMY --,-- DUMMY --,--Error-- 'DataHandler' object has no attribute 'juriction',-- DUMMY --,--Error-- 'DataHandler' object has no attribute 'features_dict',-- DUMMY --,United States,-- DUMMY --,-- DUMMY --,
2005-23,sec/text/2005-23/press-release.txt,https://storage.googleapis.com/theolex_documents_processing/sec/text/2005-23/press-release.txt,sec,,USD,,,,,,,,,,,,USD,--Error-- list index out of range,-- DUMMY --,-- DUMMY --,Roger T. Benitez,0,-- DUMMY --,-- DUMMY --,-- DUMMY --,--Error-- 'DataHandler' object has no attribute 'juriction',-- DUMMY --,--Error-- 'DataHandler' object has no attribute 'features_dict',-- DUMMY --,benin;;japan;;nepal;;bangladesh;;united states;;san diego;;france;;titan;;u.s.;;d.c.;;calif.;;sri lanka;;washington,-- DUMMY --,-- DUMMY --,"Without admitting or denying the SEC's allegations, Titan consented to the entry of a final judgment permanently enjoining it from future violations of the FCPA and requiring it to® pay approximately $15.5 million in disgorgement and prejudgment interest,e pay a $13 million penalty, which will be deemed satisfied by Titan's payment of criminal fines of that amount in parallel proceedings brought by the U.S. Attorney's Office for the Southern District of California and the U.S. Department of Justice, Fraud Section, ande retain an independent consultant to review the company's FCPA compliance and procedures and to adopt and implement the consultant's recommendations."
pr7692-18,cftc/text/pr7692-18/press-release.txt,https://storage.googleapis.com/theolex_documents_processing/cftc/text/pr7692-18/press-release.txt,cftc,United States of America,USD,,,,,,,,,,"In accepting the Bank’s offer, the Commission recognizes DBSI’s cooperation with the Division of Enforcement’s investigation in this matter.",,USD,--Error-- list index out of range,-- DUMMY --,-- DUMMY --,,0,-- DUMMY --,-- DUMMY --,-- DUMMY --,--Error-- 'DataHandler' object has no attribute 'juriction',-- DUMMY --,--Error-- 'DataHandler' object has no attribute 'features_dict',-- DUMMY --,United States,-- DUMMY --,-- DUMMY --,
2015-62,sec/text/2015-62/press-release.txt,https://storage.googleapis.com/theolex_documents_processing/sec/text/2015-62/press-release.txt,sec,,USD,,,,,,,,,,FLIR self-reported the misconduct to the SEC and cooperated with the SEC’s investigation.,,USD,1934-07-12,-- DUMMY --,-- DUMMY --,,0,-- DUMMY --,-- DUMMY --,-- DUMMY --,--Error-- 'DataHandler' object has no attribute 'juriction',-- DUMMY --,--Error-- 'DataHandler' object has no attribute 'features_dict',-- DUMMY --,the united arab emirates securities;;new york city;;san francisco;;casablanca;;beirut;;u.s.;;paris;;dubai;;d.c.;;oregon;;washington,-- DUMMY --,-- DUMMY --,"FLIR, which develops infrared technology for use in binoculars and other sensing products and systems, agreed to settle the SEC’s charges by paying more than $9.5 million and reporting its FCPA compliance efforts to the agency for the next two years."
lr18740,sec/text/lr18740/press-release.txt,https://storage.googleapis.com/theolex_documents_processing/sec/text/lr18740/press-release.txt,sec,,USD,,,,,,,,,,,,USD,2021-07-13,-- DUMMY --,-- DUMMY --,,0,-- DUMMY --,-- DUMMY --,-- DUMMY --,--Error-- 'DataHandler' object has no attribute 'juriction',-- DUMMY --,--Error-- 'DataHandler' object has no attribute 'features_dict',-- DUMMY --,,-- DUMMY --,-- DUMMY --,Schering-Plough also was ordered to comply with its undertakings to retain an independent consultant to review the company's policies and procedures regarding compliance with the Foreign Corrupt Practices Act and to implement any changes recommended by the consultant.
lr18775,sec/text/lr18775/press-release.txt,https://storage.googleapis.com/theolex_documents_processing/sec/text/lr18775/press-release.txt,sec,,USD,,,,,,,,,,"In determining to accept ABB's settlement offer, the Commission considered the full cooperation that ABB provided to the Commission staff during its investigation.;;Based in part upon ABB's cooperation, the Commission determined to allow ABB's $10.5 million civil penalty obligation to be deemed satisfied by two of its affiliates' payments of criminal fines totaling $10.5 million ina parallel criminal proceeding brought by the U.S. Department of Justice.",District of Columbia,USD,2001-04-12,-- DUMMY --,-- DUMMY --,Vanessa Gilmore,0,-- DUMMY --,-- DUMMY --,-- DUMMY --,--Error-- 'DataHandler' object has no attribute 'juriction',-- DUMMY --,--Error-- 'DataHandler' object has no attribute 'features_dict',-- DUMMY --,texas;;aberdeen;;zurich;;the united states;;united states;;scotland;;the district of columbia;;the united states district court;;nigeria;;u.s.;;switzerland;;angola;;kazakhstan;;uk;;houston,-- DUMMY --,-- DUMMY --,"Simultaneously with the filing of the complaint, and without admitting or denying its allegations, ABB consented to the entry of a final judgment enjoining it from future FCPA violations, and requiring it (i) to pay $5.9 million in disgorgement and prejudgment interest, (ii) to pay a $10.5 million penalty, which would be deemed satisfied by two of its affiliates’ payments of criminal fines totaling the same amount in parallel criminal proceedings brought by the Department of Justice; and (iii) to retain an independent consultant to review the company's FCPA compliance policies and procedures."
walmart-brasilia-sarl,doj/text/walmart-brasilia-sarl/press-release-plea.txt,https://storage.googleapis.com/theolex_documents_processing/doj/text/walmart-brasilia-sarl/press-release-plea.txt,doj,,USD,,Walmart,,,,,,,,"Walmart fully cooperated with the investigation in Brazil, China and India.;;Walmart cooperated with the investigation in Mexico, but did not timely provide documents and information to the government and did not de-conflict with the government’s request to interview one witness before Walmart interviewed that witness.",,USD,2019-06-20,-- DUMMY --,-- DUMMY --,,1,-- DUMMY --,-- DUMMY --,-- DUMMY --,--Error-- 'DataHandler' object has no attribute 'juriction',-- DUMMY --,--Error-- 'DataHandler' object has no attribute 'features_dict',-- DUMMY --,virginia;;brazil;;india;;u.s.;;china;;d.c.;;mexico;;washington,-- DUMMY --,-- DUMMY --,Walmart entered into a three-year non-prosecution agreement and agreed to retain an independent corporate compliance monitor for two years.
cottonwood-financial-ltd,cfbp/text/cottonwood-financial-ltd/press-release.txt,https://storage.googleapis.com/theolex_documents_processing/cfbp/text/cottonwood-financial-ltd/press-release.txt,cfbp,,USD,,,,,,,,,,,,USD,,-- DUMMY --,-- DUMMY --,,0,-- DUMMY --,-- DUMMY --,-- DUMMY --,--Error-- 'DataHandler' object has no attribute 'juriction',-- DUMMY --,--Error-- 'DataHandler' object has no attribute 'features_dict',-- DUMMY --,United States,-- DUMMY --,-- DUMMY --,
andreas-kohler,doj/text/andreas-kohler/press-release.txt,https://storage.googleapis.com/theolex_documents_processing/doj/text/andreas-kohler/press-release.txt,doj,,USD,,UNDER SEAL,,ANDREAS KOHLER,,,,,,,,USD,,-- DUMMY --,-- DUMMY --,,0,-- DUMMY --,-- DUMMY --,-- DUMMY --,--Error-- 'DataHandler' object has no attribute 'juriction',-- DUMMY --,--Error-- 'DataHandler' object has no attribute 'features_dict',-- DUMMY --,,-- DUMMY --,-- DUMMY --,
7154-15,cftc/text/7154-15/press-release.txt,https://storage.googleapis.com/theolex_documents_processing/cftc/text/7154-15/press-release.txt,cftc,United States of America,USD,,,,,,,,,,,,USD,,-- DUMMY --,-- DUMMY --,,0,-- DUMMY --,-- DUMMY --,-- DUMMY --,--Error-- 'DataHandler' object has no attribute 'juriction',-- DUMMY --,--Error-- 'DataHandler' object has no attribute 'features_dict',-- DUMMY --,United States,-- DUMMY --,-- DUMMY --,
low-va-rates-llc,cfbp/text/low-va-rates-llc/press-release.txt,https://storage.googleapis.com/theolex_documents_processing/cfbp/text/low-va-rates-llc/press-release.txt,cfbp,,USD,,,,,,,,,,,,USD,,-- DUMMY --,-- DUMMY --,,0,-- DUMMY --,-- DUMMY --,-- DUMMY --,--Error-- 'DataHandler' object has no attribute 'juriction',-- DUMMY --,--Error-- 'DataHandler' object has no attribute 'features_dict',-- DUMMY --,United States,-- DUMMY --,-- DUMMY --,"To prevent future violations, the consent order requires Low VA Rates to bolster its compliance functions by designating an advertising compliance official who must review its mortgage advertisements for compliance with mortgage advertising laws prior to use."
7776-18,cftc/text/7776-18/press-release.txt,https://storage.googleapis.com/theolex_documents_processing/cftc/text/7776-18/press-release.txt,cftc,United States of America,USD,,,,,,,,,,"In accepting the Bank’s Offer, the Commission recognizes BNP Paribas’s cooperation with the Division of Enforcement’s investigation.;;The Order notes BNP Paribas’s significant cooperation during the Division of Enforcement’s investigation of this matter and recognizes that BNPP provided important information to the Division that helped the Division efficiently and effectively to undertake its investigation.",,USD,,-- DUMMY --,-- DUMMY --,,0,-- DUMMY --,-- DUMMY --,-- DUMMY --,--Error-- 'DataHandler' object has no attribute 'juriction',-- DUMMY --,--Error-- 'DataHandler' object has no attribute 'features_dict',-- DUMMY --,United States,-- DUMMY --,-- DUMMY --,
7906-19,cftc/text/7906-19/press-release.txt,https://storage.googleapis.com/theolex_documents_processing/cftc/text/7906-19/press-release.txt,cftc,United States of America,USD,,,,,,,,,,,The U.S Court of Appeals for the Eleventh Circuit,USD,2021-07-13,-- DUMMY --,-- DUMMY --,James Lawrence King,0,-- DUMMY --,-- DUMMY --,-- DUMMY --,--Error-- 'DataHandler' object has no attribute 'juriction',-- DUMMY --,--Error-- 'DataHandler' object has no attribute 'features_dict',-- DUMMY --,United States,-- DUMMY --,-- DUMMY --,"In light of these facts, Escobio’s payments totaling $3,525 do not constitute good faith compliance with the final judgment."
lr17127,sec/text/lr17127/press-release.txt,https://storage.googleapis.com/theolex_documents_processing/sec/text/lr17127/press-release.txt,sec,,USD,,,,,,,,,,,U.S District Court,USD,2001-09-12,-- DUMMY --,-- DUMMY --,,0,-- DUMMY --,-- DUMMY --,-- DUMMY --,--Error-- 'DataHandler' object has no attribute 'juriction',-- DUMMY --,--Error-- 'DataHandler' object has no attribute 'features_dict',-- DUMMY --,texas;;the united states department of justice;;indonesia;;the united states district court;;brazil;;jakarta;;kpmg;;india,-- DUMMY --,-- DUMMY --,
hoskinsl.html,doj/text/hoskinsl.html/press-release.txt,https://storage.googleapis.com/theolex_documents_processing/doj/text/hoskinsl.html/press-release.txt,doj,,USD,,,,,,,,,,"The department appreciates the significant cooperation provided by its law enforcement colleagues in Indonesia, Switzerland's Office of the Attorney General and the United Kingdom, as well as authorities in France, Germany, Italy, Singapore and Taiwan.",,USD,2021-07-13,-- DUMMY --,-- DUMMY --,Janet Bond Arterton,0,-- DUMMY --,-- DUMMY --,-- DUMMY --,--Error-- 'DataHandler' object has no attribute 'juriction',-- DUMMY --,--Error-- 'DataHandler' object has no attribute 'features_dict',-- DUMMY --,los angeles field office;;the united kingdom;;new haven;;maryland;;taiwan;;meriden;;indonesia;;germany;;france;;the district of connecticut;;usao;;connecticut;;tarahan;;italy;;u.s.;;switzerland;;singapore,-- DUMMY --,-- DUMMY --,
8013-19,cftc/text/8013-19/press-release.txt,https://storage.googleapis.com/theolex_documents_processing/cftc/text/8013-19/press-release.txt,cftc,United States of America,USD,,,,,,,,,,,District Court for the Northern District of Illinois,USD,,-- DUMMY --,-- DUMMY --,,0,-- DUMMY --,-- DUMMY --,-- DUMMY --,--Error-- 'DataHandler' object has no attribute 'juriction',-- DUMMY --,--Error-- 'DataHandler' object has no attribute 'features_dict',-- DUMMY --,United States,-- DUMMY --,-- DUMMY --,
7948-19,cftc/text/7948-19/press-release.txt,https://storage.googleapis.com/theolex_documents_processing/cftc/text/7948-19/press-release.txt,cftc,United States of America,USD,,,,,,,,,,,,USD,2019-03-15,-- DUMMY --,-- DUMMY --,,0,-- DUMMY --,-- DUMMY --,-- DUMMY --,--Error-- 'DataHandler' object has no attribute 'juriction',-- DUMMY --,--Error-- 'DataHandler' object has no attribute 'features_dict',-- DUMMY --,United States,-- DUMMY --,-- DUMMY --,
7853-18,cftc/text/7853-18/press-release.txt,https://storage.googleapis.com/theolex_documents_processing/cftc/text/7853-18/press-release.txt,cftc,United States of America,USD,,,,,,,,,,,U.S. District Court for the Northern District of Illinois,USD,,-- DUMMY --,-- DUMMY --,Manish Shah,0,-- DUMMY --,-- DUMMY --,-- DUMMY --,--Error-- 'DataHandler' object has no attribute 'juriction',-- DUMMY --,--Error-- 'DataHandler' object has no attribute 'features_dict',-- DUMMY --,United States,-- DUMMY --,-- DUMMY --,
34-77058-s,sec/text/34-77058-s/press-release.txt,https://storage.googleapis.com/theolex_documents_processing/sec/text/34-77058-s/press-release.txt,sec,,USD,,,,,,,,,,,,USD,,-- DUMMY --,-- DUMMY --,,0,-- DUMMY --,-- DUMMY --,-- DUMMY --,--Error-- 'DataHandler' object has no attribute 'juriction',-- DUMMY --,--Error-- 'DataHandler' object has no attribute 'features_dict',-- DUMMY --,,-- DUMMY --,-- DUMMY --,
service-1st-mortgage-inc,cfbp/text/service-1st-mortgage-inc/press-release.txt,https://storage.googleapis.com/theolex_documents_processing/cfbp/text/service-1st-mortgage-inc/press-release.txt,cfbp,,USD,,,,,,,,,,,,USD,,-- DUMMY --,-- DUMMY --,,0,-- DUMMY --,-- DUMMY --,-- DUMMY --,--Error-- 'DataHandler' object has no attribute 'juriction',-- DUMMY --,--Error-- 'DataHandler' object has no attribute 'features_dict',-- DUMMY --,United States,-- DUMMY --,-- DUMMY --,"The consent order also imposes injunctive relief to prevent future violations, including requiring Service 1st to bolster its compliance functions by: (1) designating an advertising compliance official who must review its mortgage advertisements for compliance with mortgage advertising laws prior to the dissemination of the advertisements; (2) prohibiting misrepresentations similar to those the Bureau found it has made; and (3) requiring it to comply with certain enhanced disclosure requirements to prevent future misrepresentations."
fdatr-inc-dean-tucci-and-kenneth-wayne-halverson,cfbp/text/fdatr-inc-dean-tucci-and-kenneth-wayne-halverson/press-release.txt,https://storage.googleapis.com/theolex_documents_processing/cfbp/text/fdatr-inc-dean-tucci-and-kenneth-wayne-halverson/press-release.txt,cfbp,,USD,,,,,,,,,,,U.S District Court for the Northern District of Illinois,USD,2011-07-12,-- DUMMY --,-- DUMMY --,,0,-- DUMMY --,-- DUMMY --,-- DUMMY --,--Error-- 'DataHandler' object has no attribute 'juriction',-- DUMMY --,--Error-- 'DataHandler' object has no attribute 'features_dict',-- DUMMY --,United States,-- DUMMY --,-- DUMMY --,
2017-34,sec/text/2017-34/press-release.txt,https://storage.googleapis.com/theolex_documents_processing/sec/text/2017-34/press-release.txt,sec,,USD,,,,,,,,,,,,USD,,-- DUMMY --,-- DUMMY --,,0,-- DUMMY --,-- DUMMY --,-- DUMMY --,--Error-- 'DataHandler' object has no attribute 'juriction',-- DUMMY --,--Error-- 'DataHandler' object has no attribute 'features_dict',-- DUMMY --,the united kingdom's;;baros;;niger;;the democratic republic of the;;och-ziff;;chad;;congo;;boston;;u.s.;;guinea;;d.c.;;new york;;washington,-- DUMMY --,-- DUMMY --,
abraham-edgardo-ortega,doj/text/abraham-edgardo-ortega/press-release-plea.txt,https://storage.googleapis.com/theolex_documents_processing/doj/text/abraham-edgardo-ortega/press-release-plea.txt,doj,,USD,,FRANCISCO CONVIT GURUCEAGA,UNITED STATES DISTRICT COURT SOUTHERN DISTRICT OF FLORIDA,,,,,,,,,USD,2051-07-12,-- DUMMY --,-- DUMMY --,Kathleen M. Williams,0,-- DUMMY --,-- DUMMY --,-- DUMMY --,--Error-- 'DataHandler' object has no attribute 'juriction',-- DUMMY --,--Error-- 'DataHandler' object has no attribute 'features_dict',-- DUMMY --,the united kingdom;;the united states;;florida;;s.a.;;miami;;london;;u.s.,-- DUMMY --,-- DUMMY --,
gst-factoring-inc-et-al,cfbp/text/gst-factoring-inc-et-al/press-release.txt,https://storage.googleapis.com/theolex_documents_processing/cfbp/text/gst-factoring-inc-et-al/press-release.txt,cfbp,,USD,,,,,,,,,,,federal district court for the Central District of California,USD,,-- DUMMY --,-- DUMMY --,,0,-- DUMMY --,-- DUMMY --,-- DUMMY --,--Error-- 'DataHandler' object has no attribute 'juriction',-- DUMMY --,--Error-- 'DataHandler' object has no attribute 'features_dict',-- DUMMY --,United States,-- DUMMY --,-- DUMMY --,
telia-company-ab,doj/text/telia-company-ab/press-release.txt,https://storage.googleapis.com/theolex_documents_processing/doj/text/telia-company-ab/press-release.txt,doj,,USD,,Coscom ,,,,,,,,"It also demonstrates the Department’s cooperative posture with its foreign counterparts to stamp out international corruption and to reach fair, appropriate and coordinated resolutions,” said Acting Assistant Attorney General Blanco.;;Telia also agreed to implement rigorous internal controls and cooperate fully with the Department’s ongoing investigation, including its investigation of individuals.;;Among these, the companies received significant credit for their extensive remedial measures and cooperation with the Department’s investigation.;;* * *Law enforcement colleagues within the OM and the SPA provided significant cooperation and assistance in this matter.;;The SEC referred the matter to the Department and also provided extensive cooperation and assistance.",Manhattan federal court,USD,,-- DUMMY --,-- DUMMY --,George B. Daniels,0,-- DUMMY --,-- DUMMY --,-- DUMMY --,--Error-- 'DataHandler' object has no attribute 'juriction',-- DUMMY --,--Error-- 'DataHandler' object has no attribute 'features_dict',-- DUMMY --,ireland;;norway;;u.s.;;switzerland;;manhattan;;belgium;;d.c.;;netherlands;;luxembourg;;stockholm;;austria;;usao;;amsterdam;;new york;;washington;;uzbekistan;;new york city;;latvia;;france,-- DUMMY --,-- DUMMY --,
7778-18,cftc/text/7778-18/press-release.txt,https://storage.googleapis.com/theolex_documents_processing/cftc/text/7778-18/press-release.txt,cftc,United States of America,USD,,,,,,,,,,The CFTC appreciates the cooperation and assistance of the United Kingdom's Financial Conduct Authority and the New York State Office of the Attorney General.,District Court for the Southern District of New York,USD,,-- DUMMY --,-- DUMMY --,,0,-- DUMMY --,-- DUMMY --,-- DUMMY --,--Error-- 'DataHandler' object has no attribute 'juriction',-- DUMMY --,--Error-- 'DataHandler' object has no attribute 'features_dict',-- DUMMY --,United States,-- DUMMY --,-- DUMMY --,
carmelo-urdaneta-aqui,doj/text/carmelo-urdaneta-aqui/press-release-complaint.txt,https://storage.googleapis.com/theolex_documents_processing/doj/text/carmelo-urdaneta-aqui/press-release-complaint.txt,doj,,USD,,,,,,,,,,,U.S. Magistrate,USD,,-- DUMMY --,-- DUMMY --,Alicia M. Otazo-Reyes,0,-- DUMMY --,-- DUMMY --,-- DUMMY --,--Error-- 'DataHandler' object has no attribute 'juriction',-- DUMMY --,--Error-- 'DataHandler' object has no attribute 'features_dict',-- DUMMY --,the united kingdom;;the united states;;florida;;sicily;;miami;;london;;italy;;u.s.;;venezuela,-- DUMMY --,-- DUMMY --,
prime-choice-funding-inc,cfbp/text/prime-choice-funding-inc/press-release.txt,https://storage.googleapis.com/theolex_documents_processing/cfbp/text/prime-choice-funding-inc/press-release.txt,cfbp,,USD,,,,,,,,,,,,USD,,-- DUMMY --,-- DUMMY --,,0,-- DUMMY --,-- DUMMY --,-- DUMMY --,--Error-- 'DataHandler' object has no attribute 'juriction',-- DUMMY --,--Error-- 'DataHandler' object has no attribute 'features_dict',-- DUMMY --,United States,-- DUMMY --,-- DUMMY --,"Accurate and legally compliant advertising provides consumers with valuable information about the different types of mortgages and terms available so they can effectively shop for products that best meet their needs.;;The consent orders also impose injunctive relief to prevent future violations, including requiring the companies to bolster their compliance functions by designating anadvertising compliance official who must review their mortgage advertisements for compliance with mortgage advertising laws prior to their use; prohibiting misrepresentations similar to those identified by the Bureau; and requiring the companies to comply with certain enhanced disclosure requirements to prevent them from making future misrepresentations."
us-equity-advantage-inc-and-robert-m-steenbergh,cfbp/text/us-equity-advantage-inc-and-robert-m-steenbergh/press-release.txt,https://storage.googleapis.com/theolex_documents_processing/cfbp/text/us-equity-advantage-inc-and-robert-m-steenbergh/press-release.txt,cfbp,,USD,,,,,,,,,,,,USD,,-- DUMMY --,-- DUMMY --,,0,-- DUMMY --,-- DUMMY --,-- DUMMY --,--Error-- 'DataHandler' object has no attribute 'juriction',-- DUMMY --,--Error-- 'DataHandler' object has no attribute 'features_dict',-- DUMMY --,United States,-- DUMMY --,-- DUMMY --,
8200-20,cftc/text/8200-20/press-release.txt,https://storage.googleapis.com/theolex_documents_processing/cftc/text/8200-20/press-release.txt,cftc,United States of America,USD,,,,,,,,,,,,USD,2020-02-14,-- DUMMY --,-- DUMMY --,,0,-- DUMMY --,-- DUMMY --,-- DUMMY --,--Error-- 'DataHandler' object has no attribute 'juriction',-- DUMMY --,--Error-- 'DataHandler' object has no attribute 'features_dict',-- DUMMY --,United States,-- DUMMY --,-- DUMMY --,
beam-suntory-inc,doj/text/beam-suntory-inc/press-release.txt,https://storage.googleapis.com/theolex_documents_processing/doj/text/beam-suntory-inc/press-release.txt,doj,,USD,,,,,,,,,,"As part of the deferred prosecution agreement, Beam agreed to continue to cooperate with the department in any ongoing or future criminal investigations concerning Beam, its executives, employees, or agents.;;The government reached this resolution with Beam based on a number of factors, including the failure to timely disclose the conduct that triggered the investigation; the nature and seriousness of the offense, including the involvement of a then-executive officer of Beam, a then- high-level employee in Beam’s Legal Department, and a then-high-level executive at Beam India; the lack of an effective compliance program at the time of the misconduct; the company’s failure to fully cooperate, including positions taken by Beam that were not consistent with full cooperation, as well as significant delays caused by Beam in reaching a timely resolution and its refusal to accept responsibility for several years; and Beam’s failure to fully remediate, including its failure to discipline certain individuals involved in the conduct.;;The criminal monetary penalty for Beam reflects a 10 percent reduction off the bottom of the U.S. Sentencing Guidelines fine range because Beam received partial credit for its remediation and cooperation with the government’s investigation.",,USD,,-- DUMMY --,-- DUMMY --,,0,-- DUMMY --,-- DUMMY --,-- DUMMY --,--Error-- 'DataHandler' object has no attribute 'juriction',-- DUMMY --,--Error-- 'DataHandler' object has no attribute 'features_dict',-- DUMMY --,chicago;;della sentilles;;u.s.;;india,-- DUMMY --,-- DUMMY --,"In addition, under the agreement, Beam agreed to enhance its compliance program and to report to the government on the implementation of its enhanced compliance program.;;The government reached this resolution with Beam based on a number of factors, including the failure to timely disclose the conduct that triggered the investigation; the nature and seriousness of the offense, including the involvement of a then-executive officer of Beam, a then- high-level employee in Beam’s Legal Department, and a then-high-level executive at Beam India; the lack of an effective compliance program at the time of the misconduct; the company’s failure to fully cooperate, including positions taken by Beam that were not consistent with full cooperation, as well as significant delays caused by Beam in reaching a timely resolution and its refusal to accept responsibility for several years; and Beam’s failure to fully remediate, including its failure to discipline certain individuals involved in the conduct."
specialized-loan-servicing-llc,cfbp/text/specialized-loan-servicing-llc/press-release.txt,https://storage.googleapis.com/theolex_documents_processing/cfbp/text/specialized-loan-servicing-llc/press-release.txt,cfbp,,USD,,,,,,,,,,,,USD,,-- DUMMY --,-- DUMMY --,,1,-- DUMMY --,-- DUMMY --,-- DUMMY --,--Error-- 'DataHandler' object has no attribute 'juriction',-- DUMMY --,--Error-- 'DataHandler' object has no attribute 'features_dict',-- DUMMY --,United States,-- DUMMY --,-- DUMMY --,"The consent order requires SLS to pay $1.275 million in monetary relief to consumers in the form of redress and waiver of borrower deficiencies, pay a $250,000 civil money penalty, which will be paid to the Bureau and deposited into the Bureau's Civil Penalty Fund, and implement procedures to ensure compliance with the Real Estate Settlement Procedures Act (RESPA) and its implementing regulation, Regulation X. The Bureau's investigation found that since January 2014, SLS violated RESPA and Regulation X by taking prohibited foreclosure actions against mortgage borrowers who were entitled to protection from foreclosure, and by failing to send or to timely send evaluation notices to mortgage borrowers who were entitled to them."
7496-16,cftc/text/7496-16/press-release.txt,https://storage.googleapis.com/theolex_documents_processing/cftc/text/7496-16/press-release.txt,cftc,United States of America,USD,,,,,,,,,,"The Order recognizes that Société Générale cooperated with the CFTC’s investigation by self-reporting its errors, undertaking an internal investigation, and taking remedial action to correct its reporting failures.",,USD,,-- DUMMY --,-- DUMMY --,,0,-- DUMMY --,-- DUMMY --,-- DUMMY --,--Error-- 'DataHandler' object has no attribute 'juriction',-- DUMMY --,--Error-- 'DataHandler' object has no attribute 'features_dict',-- DUMMY --,United States,-- DUMMY --,-- DUMMY --,
7118-15,cftc/text/7118-15/press-release.txt,https://storage.googleapis.com/theolex_documents_processing/cftc/text/7118-15/press-release.txt,cftc,United States of America,USD,,,,,,,,,,,,USD,,-- DUMMY --,-- DUMMY --,,0,-- DUMMY --,-- DUMMY --,-- DUMMY --,--Error-- 'DataHandler' object has no attribute 'juriction',-- DUMMY --,--Error-- 'DataHandler' object has no attribute 'features_dict',-- DUMMY --,United States,-- DUMMY --,-- DUMMY --,
34-44784,sec/text/34-44784/press-release.txt,https://storage.googleapis.com/theolex_documents_processing/sec/text/34-44784/press-release.txt,sec,,USD,,,,,,,,,,,,USD,,-- DUMMY --,-- DUMMY --,,0,-- DUMMY --,-- DUMMY --,-- DUMMY --,--Error-- 'DataHandler' object has no attribute 'juriction',-- DUMMY --,--Error-- 'DataHandler' object has no attribute 'features_dict',-- DUMMY --,,-- DUMMY --,-- DUMMY --,
2016-277,sec/text/2016-277/press-release.txt,https://storage.googleapis.com/theolex_documents_processing/sec/text/2016-277/press-release.txt,sec,,USD,,,,,,,,,,,,USD,2021-07-13,-- DUMMY --,-- DUMMY --,,1,-- DUMMY --,-- DUMMY --,-- DUMMY --,--Error-- 'DataHandler' object has no attribute 'juriction',-- DUMMY --,--Error-- 'DataHandler' object has no attribute 'features_dict',-- DUMMY --,ukraine;;russia;;d.c.;;mexico;;washington,-- DUMMY --,-- DUMMY --,
ng-lap-seng,doj/text/ng-lap-seng/press-release-conviction.txt,https://storage.googleapis.com/theolex_documents_processing/doj/text/ng-lap-seng/press-release-conviction.txt,doj,,USD,,,,,,,,,,"In particular, he wanted it to serve as the permanent home of the annual “Global South-South Development Expo,” which is run by the UN Office for South-South Cooperation, and is hosted in a different country or city every year.",,USD,,-- DUMMY --,-- DUMMY --,,0,-- DUMMY --,-- DUMMY --,-- DUMMY --,--Error-- 'DataHandler' object has no attribute 'juriction',-- DUMMY --,--Error-- 'DataHandler' object has no attribute 'features_dict',-- DUMMY --,the dominican republic;;new york field office;;macau;;china;;u.s.;;manhattan;;albany;;new york,-- DUMMY --,-- DUMMY --,
7221-15,cftc/text/7221-15/press-release.txt,https://storage.googleapis.com/theolex_documents_processing/cftc/text/7221-15/press-release.txt,cftc,United States of America,USD,,,,,,,,,,The CFTC appreciates the cooperation of the U.S. Attorney’s Office for the Middle District of Tennessee.,U.S. District Court for the Middle District of Tennessee,USD,,-- DUMMY --,-- DUMMY --,Kevin H.  Sharp,0,-- DUMMY --,-- DUMMY --,-- DUMMY --,--Error-- 'DataHandler' object has no attribute 'juriction',-- DUMMY --,--Error-- 'DataHandler' object has no attribute 'features_dict',-- DUMMY --,United States,-- DUMMY --,-- DUMMY --,
7337-16,cftc/text/7337-16/press-release.txt,https://storage.googleapis.com/theolex_documents_processing/cftc/text/7337-16/press-release.txt,cftc,United States of America,USD,,,,,,,,,,"Washington, DC - The U.S. Commodity Futures Trading Commission (CFTC) today issued an Order filing and simultaneously settling charges against CHS, Inc. (CHS), a cooperative corporation for failing to comply with its legal obligation to submit accurate monthly CFTC Form 204 Reports, regarding the composition of CHS’s fixed price cash corn and soybean purchases and sales, in violation of the reporting requirements in CFTC Regulation 19.01.",,USD,2021-07-13,-- DUMMY --,-- DUMMY --,,0,-- DUMMY --,-- DUMMY --,-- DUMMY --,--Error-- 'DataHandler' object has no attribute 'juriction',-- DUMMY --,--Error-- 'DataHandler' object has no attribute 'features_dict',-- DUMMY --,United States,-- DUMMY --,-- DUMMY --,"According to the Order, a purpose of the Form 204 report is to check compliance with speculative position limits by ensuring that filers that classify their futures positions as hedging actually own or control offsetting cash positions."
7561-17,cftc/text/7561-17/press-release.txt,https://storage.googleapis.com/theolex_documents_processing/cftc/text/7561-17/press-release.txt,cftc,United States of America,USD,,,,,,,,,,,U.S. District Court for the Southern District of Florida,USD,,-- DUMMY --,-- DUMMY --,Kenneth A.  Marra,0,-- DUMMY --,-- DUMMY --,-- DUMMY --,--Error-- 'DataHandler' object has no attribute 'juriction',-- DUMMY --,--Error-- 'DataHandler' object has no attribute 'features_dict',-- DUMMY --,United States,-- DUMMY --,-- DUMMY --,
luis-carlos-de-leon-perez-et-al,doj/text/luis-carlos-de-leon-perez-et-al/press-release-indictment.txt,https://storage.googleapis.com/theolex_documents_processing/doj/text/luis-carlos-de-leon-perez-et-al/press-release-indictment.txt,doj,,USD,,,,,,,,,,,,USD,,-- DUMMY --,-- DUMMY --,MJ Stephen Smith,0,-- DUMMY --,-- DUMMY --,-- DUMMY --,--Error-- 'DataHandler' object has no attribute 'juriction',-- DUMMY --,--Error-- 'DataHandler' object has no attribute 'features_dict',-- DUMMY --,texas;;the united states;;madrid;;florida;;venezuela;;isturiz;;switzerland;;u.s.;;boston;;reiter;;spain;;houston,-- DUMMY --,-- DUMMY --,
braskem-sa,doj/text/braskem-sa/press-release.txt,https://storage.googleapis.com/theolex_documents_processing/doj/text/braskem-sa/press-release.txt,doj,,USD,,,,,,,,,,"Under their respective plea agreements, Odebrecht and Braskem are required to continue their cooperation with law enforcement, including inconnection with the investigations and prosecutions of individuals responsible for the criminal conduct.;;The department reached these resolutions with Odebrecht and Braskem based on a number of factors, including: the failure to voluntarily disclose the conduct that triggered the investigation; the nature and seriousness of the offense, which spanned many years, involved the highest levels of the companies, occurred in multiple countries and involved sophisticated schemes to bribe high-level government officials; the lack of an effective compliance and ethics program at the time of the conduct; and credit for each company’s respective cooperation.;;The criminal penalty for Odebrecht reflects a 25 percent reduction off the bottom of the U.S. Sentencing Guidelines fine range because of Odebrecht’s full cooperation with the government’s investigation, while the criminal penalty for Braskem reflects a 15 percent reduction off the bottom of the U.S. Sentencing Guidelines as a result of its partial cooperation.;;The SEC and the Ministerio Publico Federal in Brazil the Departamento de Policia Federal and the Office of the Attorney General in Switzerland provided significant cooperation.",U.S. District Court,USD,,-- DUMMY --,-- DUMMY --,Raymond J. Dearie,1,-- DUMMY --,-- DUMMY --,-- DUMMY --,--Error-- 'DataHandler' object has no attribute 'juriction',-- DUMMY --,--Error-- 'DataHandler' object has no attribute 'features_dict',-- DUMMY --,the united states;;united states;;new york field office;;suitcases;;miami;;petrobras;;brazil;;the united states;;u.s.;;switzerland;;odebrecht;;braskem;;new york,-- DUMMY --,-- DUMMY --,"Odebrecht and Braskem also agreed to adopt enhanced compliance procedures and to retain independent compliance monitors for three years.;;The department reached these resolutions with Odebrecht and Braskem based on a number of factors, including: the failure to voluntarily disclose the conduct that triggered the investigation; the nature and seriousness of the offense, which spanned many years, involved the highest levels of the companies, occurred in multiple countries and involved sophisticated schemes to bribe high-level government officials; the lack of an effective compliance and ethics program at the time of the conduct; and credit for each company’s respective cooperation.;;The companies also engaged in remedial measures, including terminating and disciplining individuals who participated in the misconduct, adopting heightened controls and anti-corruption compliance protocols and significantly increasing the resources devoted to compliance."
townstone-financial-inc-and-barry-sturner,cfbp/text/townstone-financial-inc-and-barry-sturner/press-release.txt,https://storage.googleapis.com/theolex_documents_processing/cfbp/text/townstone-financial-inc-and-barry-sturner/press-release.txt,cfbp,,USD,,,,,,,,,,,U.S. District Court for the Northern District of Illinois,USD,,-- DUMMY --,-- DUMMY --,,0,-- DUMMY --,-- DUMMY --,-- DUMMY --,--Error-- 'DataHandler' object has no attribute 'juriction',-- DUMMY --,--Error-- 'DataHandler' object has no attribute 'features_dict',-- DUMMY --,United States,-- DUMMY --,-- DUMMY --,
goldman-sachs-group-inc,doj/text/goldman-sachs-group-inc/press-release.txt,https://storage.googleapis.com/theolex_documents_processing/doj/text/goldman-sachs-group-inc/press-release.txt,doj,,USD,,,,,,,,,,"Goldman received partial credit for its cooperation with the department’s investigation, but did not receive full credit for cooperation because it significantly delayed producing relevant evidence, including recorded phone calls in which the Company’s bankers, executives, and control function personnel discussed allegations of bribery and misconduct relating to the conduct in the statement of facts.",U.S. District Court,USD,,-- DUMMY --,-- DUMMY --,Margo K,0,-- DUMMY --,-- DUMMY --,-- DUMMY --,--Error-- 'DataHandler' object has no attribute 'juriction',-- DUMMY --,--Error-- 'DataHandler' object has no attribute 'features_dict',-- DUMMY --,california;;new york field office;;u.s.;;abu dhabi’s;;switzerland;;the united kingdom prudential regulation authority;;los angeles field office;;the united states;;e.d.n.y.;;singapore;;malaysia;;usao;;gs;;abu dhabi;;component(s;;ng;;new york;;the united kingdom;;france,-- DUMMY --,-- DUMMY --,
7884-19,cftc/text/7884-19/press-release.txt,https://storage.googleapis.com/theolex_documents_processing/cftc/text/7884-19/press-release.txt,cftc,United States of America,USD,,,,,,,,,,"Washington, DC - The Commodity Futures Trading Commission (CFTC) Division of Enforcement today announced an Enforcement Advisory on self-reporting and cooperation for violations of the Commodity Exchange Act (CEA) involving foreign corrupt practices.",,USD,,-- DUMMY --,-- DUMMY --,,0,-- DUMMY --,-- DUMMY --,-- DUMMY --,--Error-- 'DataHandler' object has no attribute 'juriction',-- DUMMY --,--Error-- 'DataHandler' object has no attribute 'features_dict',-- DUMMY --,United States,-- DUMMY --,-- DUMMY --,
7334-16,cftc/text/7334-16/press-release.txt,https://storage.googleapis.com/theolex_documents_processing/cftc/text/7334-16/press-release.txt,cftc,United States of America,USD,,,,,,,,,,,Court Freezes Defendants’ Assets,USD,2016-02-19,-- DUMMY --,-- DUMMY --,James I. Cohn,0,-- DUMMY --,-- DUMMY --,-- DUMMY --,--Error-- 'DataHandler' object has no attribute 'juriction',-- DUMMY --,--Error-- 'DataHandler' object has no attribute 'features_dict',-- DUMMY --,United States,-- DUMMY --,-- DUMMY --,
2017-178,sec/text/2017-178/press-release.txt,https://storage.googleapis.com/theolex_documents_processing/sec/text/2017-178/press-release.txt,sec,,USD,,,,,,,,,,,,USD,,-- DUMMY --,-- DUMMY --,,0,-- DUMMY --,-- DUMMY --,-- DUMMY --,--Error-- 'DataHandler' object has no attribute 'juriction',-- DUMMY --,--Error-- 'DataHandler' object has no attribute 'features_dict',-- DUMMY --,massachusetts;;u.s.;;washington;;d.c.;;colombia;;india,-- DUMMY --,-- DUMMY --,
2020-48,sec/text/2020-48/press-release.txt,https://storage.googleapis.com/theolex_documents_processing/sec/text/2020-48/press-release.txt,sec,,USD,,,,,,,,,,,,USD,,-- DUMMY --,-- DUMMY --,,0,-- DUMMY --,-- DUMMY --,-- DUMMY --,--Error-- 'DataHandler' object has no attribute 'juriction',-- DUMMY --,--Error-- 'DataHandler' object has no attribute 'features_dict',-- DUMMY --,d.c.;;ohio;;washington,-- DUMMY --,-- DUMMY --,
34-86963-s,sec/text/34-86963-s/press-release.txt,https://storage.googleapis.com/theolex_documents_processing/sec/text/34-86963-s/press-release.txt,sec,,USD,,,,,,,,,,,,USD,,-- DUMMY --,-- DUMMY --,,0,-- DUMMY --,-- DUMMY --,-- DUMMY --,--Error-- 'DataHandler' object has no attribute 'juriction',-- DUMMY --,--Error-- 'DataHandler' object has no attribute 'features_dict',-- DUMMY --,,-- DUMMY --,-- DUMMY --,
lr21162,sec/text/lr21162/press-release.txt,https://storage.googleapis.com/theolex_documents_processing/sec/text/lr21162/press-release.txt,sec,,USD,,,,,,,,,,,,USD,,-- DUMMY --,-- DUMMY --,,0,-- DUMMY --,-- DUMMY --,-- DUMMY --,--Error-- 'DataHandler' object has no attribute 'juriction',-- DUMMY --,--Error-- 'DataHandler' object has no attribute 'features_dict',-- DUMMY --,the district of utah;;the united states district court;;huff;;brazil;;faggioli,-- DUMMY --,-- DUMMY --,
7114-15,cftc/text/7114-15/press-release.txt,https://storage.googleapis.com/theolex_documents_processing/cftc/text/7114-15/press-release.txt,cftc,United States of America,USD,2015-02-03,"Christopher Valois,Cynthia Wong,Bertram Trade, Churchhill Commodities Trading","CFTC, U.S. District Court for the Central District of California",Cormac J. Carney,Civil,,,"8:15-cv-00130-CJC-DFM,15-00130-CJC",order,The CFTC appreciates the cooperation of the National Futures Association in this matter.,U.S. District Court for the Central District of California,USD,,-- DUMMY --,-- DUMMY --,Cormac J.  Carney,0,-- DUMMY --,-- DUMMY --,-- DUMMY --,--Error-- 'DataHandler' object has no attribute 'juriction',-- DUMMY --,--Error-- 'DataHandler' object has no attribute 'features_dict',-- DUMMY --,United States,-- DUMMY --,-- DUMMY --,
7620-17,cftc/text/7620-17/press-release.txt,https://storage.googleapis.com/theolex_documents_processing/cftc/text/7620-17/press-release.txt,cftc,United States of America,USD,,,,,,,,,,,,USD,,-- DUMMY --,-- DUMMY --,,1,-- DUMMY --,-- DUMMY --,-- DUMMY --,--Error-- 'DataHandler' object has no attribute 'juriction',-- DUMMY --,--Error-- 'DataHandler' object has no attribute 'features_dict',-- DUMMY --,United States,-- DUMMY --,-- DUMMY --,
lr15266,sec/text/lr15266/press-release.txt,https://storage.googleapis.com/theolex_documents_processing/sec/text/lr15266/press-release.txt,sec,,USD,,,,,,,,,,,,USD,,-- DUMMY --,-- DUMMY --,,0,-- DUMMY --,-- DUMMY --,-- DUMMY --,--Error-- 'DataHandler' object has no attribute 'juriction',-- DUMMY --,--Error-- 'DataHandler' object has no attribute 'features_dict',-- DUMMY --,,-- DUMMY --,-- DUMMY --,
2013-65,sec/text/2013-65/press-release.txt,https://storage.googleapis.com/theolex_documents_processing/sec/text/2013-65/press-release.txt,sec,,USD,,,,,,,,,,"The SEC has determined not to charge Ralph Lauren Corporation with violations of the Foreign Corrupt Practices Act (FCPA) due to the company's prompt reporting of the violations on its own initiative, the completeness of the information it provided, and its extensive, thorough, and real-time cooperation with the SEC's investigation.;;Ralph Lauren Corporation's cooperation saved the agency substantial time and resources ordinarily consumed in investigations of comparable conduct.;;NPAs are part of the SEC Enforcement Division's Cooperation Initiative, which rewards cooperation in SEC investigations.;;""The NPA in this matter makes clear that we will confer substantial and tangible benefits on companies that respond appropriately to violations and cooperate fully with the SEC."";;That level of self-policing along with its self-reporting and cooperation led to this resolution."";;According to the NPA, Ralph Lauren Corporation's cooperation included:e",,USD,,-- DUMMY --,-- DUMMY --,,0,-- DUMMY --,-- DUMMY --,-- DUMMY --,--Error-- 'DataHandler' object has no attribute 'juriction',-- DUMMY --,--Error-- 'DataHandler' object has no attribute 'features_dict',-- DUMMY --,argentina;;u.s.;;washington;;d.c.;;new york;;npas,-- DUMMY --,-- DUMMY --,"Kara Brockmeyer, the SEC's FCPA Unit Chief, added, ""This NPA shows the benefit of implementing an effective compliance program.;;Ralph Lauren Corporation discovered this problem after it put in place an enhanced compliance program and began training its employees.;;According to the NPA, the bribes occurred during a period when Ralph Lauren Corporation lacked meaningful anti-corruption compliance andcontrol mechanisms over its Argentine subsidiary.;;The misconduct came to light as a result of the company adopting measures to improve its worldwide internal controls and compliance efforts, including implementation of an FCPA compliance training program in Argentina.;;The SEC took into account the significant remedial measures undertaken by Ralph Lauren Corporation, including a comprehensive new compliance program throughout its operations.;;Among Ralph Lauren Corporation's remedial measures have been new compliance training, termination of employment and business arrangements with all individuals involved in the wrongdoing, and strengthening its internal controls and its procedures for third party due diligence.;;Ralph Lauren Corporation also conducted a risk assessment of its major operations worldwide to identify any other compliance problems."
dimitrij-harder,doj/text/dimitrij-harder/press-release-guilty-plea.txt,https://storage.googleapis.com/theolex_documents_processing/doj/text/dimitrij-harder/press-release-guilty-plea.txt,doj,,USD,,,,,,,,,,,,USD,,-- DUMMY --,-- DUMMY --,Paul S. Diamond,0,-- DUMMY --,-- DUMMY --,-- DUMMY --,--Error-- 'DataHandler' object has no attribute 'juriction',-- DUMMY --,--Error-- 'DataHandler' object has no attribute 'features_dict',-- DUMMY --,jersey;;pennsylvania;;huntingdon valley;;guernsey;;the united kingdom’s;;the city of london police’s;;germany;;usao;;london;;u.s.,-- DUMMY --,-- DUMMY --,
2007-16,sec/text/2007-16/press-release.txt,https://storage.googleapis.com/theolex_documents_processing/sec/text/2007-16/press-release.txt,sec,,USD,,,,,,,,,,"Since being approached by the Commission’s staff, El Paso has cooperated with the Commission’s investigation, which is continuing.",a court order,USD,1934-07-12,-- DUMMY --,-- DUMMY --,,0,-- DUMMY --,-- DUMMY --,-- DUMMY --,--Error-- 'DataHandler' object has no attribute 'juriction',-- DUMMY --,--Error-- 'DataHandler' object has no attribute 'features_dict',-- DUMMY --,texas;;el paso;;the united states;;iraq;;el paso’s;;u.s.;;d.c.;;new york;;washington,-- DUMMY --,-- DUMMY --,
2016-64,sec/text/2016-64/press-release.txt,https://storage.googleapis.com/theolex_documents_processing/sec/text/2016-64/press-release.txt,sec,,USD,,,,,,,,,,,,USD,2019-07-13,-- DUMMY --,-- DUMMY --,,0,-- DUMMY --,-- DUMMY --,-- DUMMY --,--Error-- 'DataHandler' object has no attribute 'juriction',-- DUMMY --,--Error-- 'DataHandler' object has no attribute 'features_dict',-- DUMMY --,las vegas sands;;las vegas sands corp.;;china;;u.s.;;washington;;d.c.;;beijing;;macao,-- DUMMY --,-- DUMMY --,"In additional to the $9 million penalty, LVS agreed to retain an independent consultant for two years to review its FCPA-related internal controls, recordkeeping, and financial reporting policies and procedures and its ethics and compliance functions."
34-87055-s,sec/text/34-87055-s/press-release.txt,https://storage.googleapis.com/theolex_documents_processing/sec/text/34-87055-s/press-release.txt,sec,,USD,,,,,,,,,,,,USD,,-- DUMMY --,-- DUMMY --,,0,-- DUMMY --,-- DUMMY --,-- DUMMY --,--Error-- 'DataHandler' object has no attribute 'juriction',-- DUMMY --,--Error-- 'DataHandler' object has no attribute 'features_dict',-- DUMMY --,,-- DUMMY --,-- DUMMY --,
td-bank-na,cfbp/text/td-bank-na/press-release.txt,https://storage.googleapis.com/theolex_documents_processing/cfbp/text/td-bank-na/press-release.txt,cfbp,,USD,,,,,,,,,,,,USD,,-- DUMMY --,-- DUMMY --,,0,-- DUMMY --,-- DUMMY --,-- DUMMY --,--Error-- 'DataHandler' object has no attribute 'juriction',-- DUMMY --,--Error-- 'DataHandler' object has no attribute 'features_dict',-- DUMMY --,United States,-- DUMMY --,-- DUMMY --,
santander-consumer-usa-inc-2020,cfbp/text/santander-consumer-usa-inc-2020/press-release.txt,https://storage.googleapis.com/theolex_documents_processing/cfbp/text/santander-consumer-usa-inc-2020/press-release.txt,cfbp,,USD,,,,,,,,,,,,USD,2019-08-12,-- DUMMY --,-- DUMMY --,,0,-- DUMMY --,-- DUMMY --,-- DUMMY --,--Error-- 'DataHandler' object has no attribute 'juriction',-- DUMMY --,--Error-- 'DataHandler' object has no attribute 'features_dict',-- DUMMY --,United States,-- DUMMY --,-- DUMMY --,
ng-lap-seng,doj/text/ng-lap-seng/press-release-sentencing.txt,https://storage.googleapis.com/theolex_documents_processing/doj/text/ng-lap-seng/press-release-sentencing.txt,doj,,USD,,,,,,,,,,"In particular, he wanted it to serve as the permanent home of the annual “Global South-South Development Expo,” which is run by the UN Office for South-South Cooperation, and is hosted in a different country or city every year.",,USD,,-- DUMMY --,-- DUMMY --,Broderick,0,-- DUMMY --,-- DUMMY --,-- DUMMY --,--Error-- 'DataHandler' object has no attribute 'juriction',-- DUMMY --,--Error-- 'DataHandler' object has no attribute 'features_dict',-- DUMMY --,the dominican republic;;the united states;;new york field office;;macau;;china;;u.s.;;component(s;;new york,-- DUMMY --,-- DUMMY --,
harbour-portfolio-advisors-llc-et-al,cfbp/text/harbour-portfolio-advisors-llc-et-al/press-release.txt,https://storage.googleapis.com/theolex_documents_processing/cfbp/text/harbour-portfolio-advisors-llc-et-al/press-release.txt,cfbp,,USD,,,,,,,,,,,,USD,,-- DUMMY --,-- DUMMY --,,0,-- DUMMY --,-- DUMMY --,-- DUMMY --,--Error-- 'DataHandler' object has no attribute 'juriction',-- DUMMY --,--Error-- 'DataHandler' object has no attribute 'features_dict',-- DUMMY --,United States,-- DUMMY --,-- DUMMY --,
1370540535139,sec/text/1370540535139/press-release.txt,https://storage.googleapis.com/theolex_documents_processing/sec/text/1370540535139/press-release.txt,sec,,USD,,,,,,,,,,"The SEC took into account ADM’s cooperation and significant remedial measures, including self-reporting the matter, implementing a comprehensive new compliance program throughout its operations, and terminating employees involved in the misconduct.",U.S. District Court for the Central District of Illinois,USD,2021-03-12,-- DUMMY --,-- DUMMY --,,0,-- DUMMY --,-- DUMMY --,-- DUMMY --,--Error-- 'DataHandler' object has no attribute 'juriction',-- DUMMY --,--Error-- 'DataHandler' object has no attribute 'features_dict',-- DUMMY --,ill.;;decatur;;germany;;ukraine;;u.s.;;d.c.;;washington,-- DUMMY --,-- DUMMY --,"ADM had insufficient anti-bribery compliance controls and made approximately $33 million in illegal profits as a result of the bribery by its subsidiaries.;;“Companies with worldwide operations must ensure their compliance is vigilant across the globe and their transactions are recorded truthfully.”;;The final judgment also permanently enjoins ADM from violating those sections of the Exchange Act, and requires the company to report on its FCPA compliance efforts for a three-year period.;;The SEC took into account ADM’s cooperation and significant remedial measures, including self-reporting the matter, implementing a comprehensive new compliance program throughout its operations, and terminating employees involved in the misconduct."
lr21889,sec/text/lr21889/press-release.txt,https://storage.googleapis.com/theolex_documents_processing/sec/text/lr21889/press-release.txt,sec,,USD,,,,,,,,,,,,USD,2021-07-13,-- DUMMY --,-- DUMMY --,,0,-- DUMMY --,-- DUMMY --,-- DUMMY --,--Error-- 'DataHandler' object has no attribute 'juriction',-- DUMMY --,--Error-- 'DataHandler' object has no attribute 'features_dict',-- DUMMY --,inc.;;china;;south korea,-- DUMMY --,-- DUMMY --,
2016-283,sec/text/2016-283/press-release.txt,https://storage.googleapis.com/theolex_documents_processing/sec/text/2016-283/press-release.txt,sec,,USD,,,,,,,,,,"The SEC considered General Cable's self-reporting, cooperation, and remedial acts when determining the settlements.",,USD,,-- DUMMY --,-- DUMMY --,,0,-- DUMMY --,-- DUMMY --,-- DUMMY --,--Error-- 'DataHandler' object has no attribute 'juriction',-- DUMMY --,--Error-- 'DataHandler' object has no attribute 'features_dict',-- DUMMY --,angola;;bangladesh;;indonesia;;egypt;;china;;thailand;;d.c.;;kentucky;;washington,-- DUMMY --,-- DUMMY --,"“General Cable operated globally without the effective compliance programs and internal controls necessary to proactively address corruption risks and accounting errors,” said Stephanie Avakian, Acting Director of the SEC Enforcement Division.;;General Cable must self-report its FCPA compliance efforts for the next three years."
lr17169,sec/text/lr17169/press-release.txt,https://storage.googleapis.com/theolex_documents_processing/sec/text/lr17169/press-release.txt,sec,,USD,,,,,,,,,,,,USD,2021-07-13,-- DUMMY --,-- DUMMY --,,0,-- DUMMY --,-- DUMMY --,-- DUMMY --,--Error-- 'DataHandler' object has no attribute 'juriction',-- DUMMY --,--Error-- 'DataHandler' object has no attribute 'features_dict',-- DUMMY --,colombia,-- DUMMY --,-- DUMMY --,
7424-16,cftc/text/7424-16/press-release.txt,https://storage.googleapis.com/theolex_documents_processing/cftc/text/7424-16/press-release.txt,cftc,United States of America,USD,,,,,,,,,,,U.S. District Court for the Central District of California,USD,,-- DUMMY --,-- DUMMY --,Manuel L. Real,0,-- DUMMY --,-- DUMMY --,-- DUMMY --,--Error-- 'DataHandler' object has no attribute 'juriction',-- DUMMY --,--Error-- 'DataHandler' object has no attribute 'features_dict',-- DUMMY --,United States,-- DUMMY --,-- DUMMY --,
8024-19,cftc/text/8024-19/press-release.txt,https://storage.googleapis.com/theolex_documents_processing/cftc/text/8024-19/press-release.txt,cftc,United States of America,USD,,,,,,,,,,,,USD,,-- DUMMY --,-- DUMMY --,,0,-- DUMMY --,-- DUMMY --,-- DUMMY --,--Error-- 'DataHandler' object has no attribute 'juriction',-- DUMMY --,--Error-- 'DataHandler' object has no attribute 'features_dict',-- DUMMY --,United States,-- DUMMY --,-- DUMMY --,
7347-16,cftc/text/7347-16/press-release.txt,https://storage.googleapis.com/theolex_documents_processing/cftc/text/7347-16/press-release.txt,cftc,United States of America,USD,,,,,,,,,,,,USD,,-- DUMMY --,-- DUMMY --,,0,-- DUMMY --,-- DUMMY --,-- DUMMY --,--Error-- 'DataHandler' object has no attribute 'juriction',-- DUMMY --,--Error-- 'DataHandler' object has no attribute 'features_dict',-- DUMMY --,United States,-- DUMMY --,-- DUMMY --,"The Order makes clear that as of March 1, 2013, swap dealers required to submit LTRs are expected to be in full compliance with the requirements governing LTRs set forth in Regulations 20.4 and 20.7, in conjunction with further instructions provided in the CFTC’s Division of Market Oversight Part 20 Guidebook."
8397-21,cftc/text/8397-21/press-release.txt,https://storage.googleapis.com/theolex_documents_processing/cftc/text/8397-21/press-release.txt,cftc,United States of America,USD,2021-06-15,Amaggi Exportacao e Importacao,CFTC,-1,civil,175000.0,-1.0,21-10,order,,,USD,2021-07-13,-- DUMMY --,-- DUMMY --,,0,-- DUMMY --,-- DUMMY --,-- DUMMY --,--Error-- 'DataHandler' object has no attribute 'juriction',-- DUMMY --,--Error-- 'DataHandler' object has no attribute 'features_dict',-- DUMMY --,United States,-- DUMMY --,-- DUMMY --,
7193-15,cftc/text/7193-15/press-release.txt,https://storage.googleapis.com/theolex_documents_processing/cftc/text/7193-15/press-release.txt,cftc,United States of America,USD,,,,,,,,,,,U.S. District Court,USD,,-- DUMMY --,-- DUMMY --,,0,-- DUMMY --,-- DUMMY --,-- DUMMY --,--Error-- 'DataHandler' object has no attribute 'juriction',-- DUMMY --,--Error-- 'DataHandler' object has no attribute 'features_dict',-- DUMMY --,United States,-- DUMMY --,-- DUMMY --,
joseph-baptiste,doj/text/joseph-baptiste/press-release-indictment.txt,https://storage.googleapis.com/theolex_documents_processing/doj/text/joseph-baptiste/press-release-indictment.txt,doj,,USD,,,,,,,,,,,,USD,,-- DUMMY --,-- DUMMY --,,0,-- DUMMY --,-- DUMMY --,-- DUMMY --,--Error-- 'DataHandler' object has no attribute 'juriction',-- DUMMY --,--Error-- 'DataHandler' object has no attribute 'features_dict',-- DUMMY --,maryland;;haiti;;the district of massachusetts;;fulton;;u.s.;;boston;;component(s;;downl,-- DUMMY --,-- DUMMY --,
2019-27,sec/text/2019-27/press-release.txt,https://storage.googleapis.com/theolex_documents_processing/sec/text/2019-27/press-release.txt,sec,,USD,,,,,,,,,,"The Commission greatly appreciates the cooperation and assistance of the Department of Justice Criminal Division’s Fraud and Money Laundering and Asset Recovery Sections, the Internal Revenue Service, the Department of Homeland Security, the Prosecution Authority of the Netherlands, the National Authority for Investigation and Prosecution of Economic and Environmental Crime in Norway (@KOKRIM), the Swedish Prosecution Authority, the Office of the Attorney General in Switzerland, and the Corruption Prevention and Combating Bureau in Latvia.",Paris Court of Appeals,USD,2021-07-13,-- DUMMY --,-- DUMMY --,,1,-- DUMMY --,-- DUMMY --,-- DUMMY --,--Error-- 'DataHandler' object has no attribute 'juriction',-- DUMMY --,--Error-- 'DataHandler' object has no attribute 'features_dict',-- DUMMY --,uzbekistan;;the united kingdom;;ireland;;mobile;;latvia;;france;;norway;;u.s.;;switzerland;;d.c.;;the cayman islands monetary authority;;washington,-- DUMMY --,-- DUMMY --,The company must also retain an independent compliance monitor for at least three years.
7946-19,cftc/text/7946-19/press-release.txt,https://storage.googleapis.com/theolex_documents_processing/cftc/text/7946-19/press-release.txt,cftc,United States of America,USD,,,,,,,,,,"The Order also requires MLCI to cooperate with the CFTC in matters related to this action and the underlying conduct, and to comply with certain obligations in connection with its corporate compliance program and reporting requirements.;;The Order recognizes that MLCI provided substantial cooperation to CFTC’s Division of Enforcement which resulted in a substantially reduced civil monetary penalty.;;Under the terms of the agreement, MLCI has agreed, among other things, to pay $25 million, which represents the combined appropriate criminal fine, forfeiture, and restitution amounts in that matter, to cooperate fully with the Fraud Section in any and all matters relating to the underlying conduct, and to comply with certain obligations in connection with its corporate compliance program and reporting requirements.",,USD,,-- DUMMY --,-- DUMMY --,,0,-- DUMMY --,-- DUMMY --,-- DUMMY --,--Error-- 'DataHandler' object has no attribute 'juriction',-- DUMMY --,--Error-- 'DataHandler' object has no attribute 'features_dict',-- DUMMY --,United States,-- DUMMY --,-- DUMMY --,"The Order also requires MLCI to cooperate with the CFTC in matters related to this action and the underlying conduct, and to comply with certain obligations in connection with its corporate compliance program and reporting requirements.;;Under the terms of the agreement, MLCI has agreed, among other things, to pay $25 million, which represents the combined appropriate criminal fine, forfeiture, and restitution amounts in that matter, to cooperate fully with the Fraud Section in any and all matters relating to the underlying conduct, and to comply with certain obligations in connection with its corporate compliance program and reporting requirements."
nervis-gerardo-villalobos-cardenas,doj/text/nervis-gerardo-villalobos-cardenas/press-release.txt,https://storage.googleapis.com/theolex_documents_processing/doj/text/nervis-gerardo-villalobos-cardenas/press-release.txt,doj,,USD,,,,,,,,,,,,USD,,-- DUMMY --,-- DUMMY --,MJ Stephen Smith,0,-- DUMMY --,-- DUMMY --,-- DUMMY --,--Error-- 'DataHandler' object has no attribute 'juriction',-- DUMMY --,--Error-- 'DataHandler' object has no attribute 'features_dict',-- DUMMY --,texas;;the united states;;madrid;;florida;;venezuela;;isturiz;;switzerland;;u.s.;;boston;;reiter;;spain;;houston,-- DUMMY --,-- DUMMY --,
7117-15,cftc/text/7117-15/press-release.txt,https://storage.googleapis.com/theolex_documents_processing/cftc/text/7117-15/press-release.txt,cftc,United States of America,USD,,,,,,,,,,,federal court,USD,,-- DUMMY --,-- DUMMY --,,1,-- DUMMY --,-- DUMMY --,-- DUMMY --,--Error-- 'DataHandler' object has no attribute 'juriction',-- DUMMY --,--Error-- 'DataHandler' object has no attribute 'features_dict',-- DUMMY --,United States,-- DUMMY --,-- DUMMY --,
2020-254,sec/text/2020-254/press-release.txt,https://storage.googleapis.com/theolex_documents_processing/sec/text/2020-254/press-release.txt,sec,,USD,,,,,,,,,,The SEC appreciates the cooperation of the Ministerio Publico Federal and the Procuradoria-Geral da Republica in Brazil.,,USD,,-- DUMMY --,-- DUMMY --,,0,-- DUMMY --,-- DUMMY --,-- DUMMY --,--Error-- 'DataHandler' object has no attribute 'juriction',-- DUMMY --,--Error-- 'DataHandler' object has no attribute 'features_dict',-- DUMMY --,sap;;brazil;;u.s.;;batistas;;d.c.;;washington,-- DUMMY --,-- DUMMY --,
1370540596936,sec/text/1370540596936/press-release.txt,https://storage.googleapis.com/theolex_documents_processing/sec/text/1370540596936/press-release.txt,sec,,USD,,,,,,,,,,,,USD,2009-07-12,-- DUMMY --,-- DUMMY --,,0,-- DUMMY --,-- DUMMY --,-- DUMMY --,--Error-- 'DataHandler' object has no attribute 'juriction',-- DUMMY --,--Error-- 'DataHandler' object has no attribute 'features_dict',-- DUMMY --,bahrain;;london;;alba;;australia;;switzerland;;d.c.;;alcoa;;washington,-- DUMMY --,-- DUMMY --,
7463-16,cftc/text/7463-16/press-release.txt,https://storage.googleapis.com/theolex_documents_processing/cftc/text/7463-16/press-release.txt,cftc,United States of America,USD,,,,,,,,,,,District Court for the District of New Jersey,USD,,-- DUMMY --,-- DUMMY --,,0,-- DUMMY --,-- DUMMY --,-- DUMMY --,--Error-- 'DataHandler' object has no attribute 'juriction',-- DUMMY --,--Error-- 'DataHandler' object has no attribute 'features_dict',-- DUMMY --,United States,-- DUMMY --,-- DUMMY --,
peaks-trust,cfbp/text/peaks-trust/press-release.txt,https://storage.googleapis.com/theolex_documents_processing/cfbp/text/peaks-trust/press-release.txt,cfbp,,USD,,,,,,,,,,,District Court for the Southern District of Indiana,USD,2021-07-13,-- DUMMY --,-- DUMMY --,,0,-- DUMMY --,-- DUMMY --,-- DUMMY --,--Error-- 'DataHandler' object has no attribute 'juriction',-- DUMMY --,--Error-- 'DataHandler' object has no attribute 'features_dict',-- DUMMY --,United States,-- DUMMY --,-- DUMMY --,
sigue-corporation-sgs-corporation-groupex-corporation,cfbp/text/sigue-corporation-sgs-corporation-groupex-corporation/press-release.txt,https://storage.googleapis.com/theolex_documents_processing/cfbp/text/sigue-corporation-sgs-corporation-groupex-corporation/press-release.txt,cfbp,,USD,,,,,,,,,,,,USD,--Error-- list index out of range,-- DUMMY --,-- DUMMY --,,0,-- DUMMY --,-- DUMMY --,-- DUMMY --,--Error-- 'DataHandler' object has no attribute 'juriction',-- DUMMY --,--Error-- 'DataHandler' object has no attribute 'features_dict',-- DUMMY --,United States,-- DUMMY --,-- DUMMY --,"Sigue and its subsidiaries also failed to develop and maintain adequate written policies and procedures designed to ensure compliance with certain Remittance Transfer Rule error- resolution requirements and failed to comply with several Remittance Transfer Rule disclosure requirements.;;If Trans-Fast resumes offering remittance transfers, the consent order requires it to adopt a compliance plan to ensure that its remittance transfer acts and practices comply with all applicable Federal consumer financial laws and the consent order.;;They must also implement and maintain written policies and procedures designed to ensure compliance with the Remittance Transfer Rule and maintain a compliance-management system that is designed to ensure that their operations comply with the Remittance Transfer Rule, including conducting training and oversight of all agents, employees, and service providers, and not violating the Remittance Transfer Rule in the future."
34-88679-s,sec/text/34-88679-s/press-release.txt,https://storage.googleapis.com/theolex_documents_processing/sec/text/34-88679-s/press-release.txt,sec,,USD,,,,,,,,,,,,USD,,-- DUMMY --,-- DUMMY --,,0,-- DUMMY --,-- DUMMY --,-- DUMMY --,--Error-- 'DataHandler' object has no attribute 'juriction',-- DUMMY --,--Error-- 'DataHandler' object has no attribute 'features_dict',-- DUMMY --,,-- DUMMY --,-- DUMMY --,
7765-18,cftc/text/7765-18/press-release.txt,https://storage.googleapis.com/theolex_documents_processing/cftc/text/7765-18/press-release.txt,cftc,United States of America,USD,,,,,,,,,,,U.S. District Court for the District of Utah,USD,,-- DUMMY --,-- DUMMY --,,0,-- DUMMY --,-- DUMMY --,-- DUMMY --,--Error-- 'DataHandler' object has no attribute 'juriction',-- DUMMY --,--Error-- 'DataHandler' object has no attribute 'features_dict',-- DUMMY --,United States,-- DUMMY --,-- DUMMY --,
luis-carlos-de-leon-perez-et-al,doj/text/luis-carlos-de-leon-perez-et-al/press-release-guilty-plea.txt,https://storage.googleapis.com/theolex_documents_processing/doj/text/luis-carlos-de-leon-perez-et-al/press-release-guilty-plea.txt,doj,,USD,,,,,,,,,,,federal court in Houston,USD,,-- DUMMY --,-- DUMMY --,Kenneth M. Hoyt,0,-- DUMMY --,-- DUMMY --,-- DUMMY --,--Error-- 'DataHandler' object has no attribute 'juriction',-- DUMMY --,--Error-- 'DataHandler' object has no attribute 'features_dict',-- DUMMY --,texas;;villalobos;;houston;;the united states;;madrid;;florida;;usao;;isturiz;;u.s.;;boston;;switzerland;;component(s;;spain;;venezuela,-- DUMMY --,-- DUMMY --,
7724-18,cftc/text/7724-18/press-release.txt,https://storage.googleapis.com/theolex_documents_processing/cftc/text/7724-18/press-release.txt,cftc,United States of America,USD,,,,,,,,,,,,USD,,-- DUMMY --,-- DUMMY --,Esther Salas,0,-- DUMMY --,-- DUMMY --,-- DUMMY --,--Error-- 'DataHandler' object has no attribute 'juriction',-- DUMMY --,--Error-- 'DataHandler' object has no attribute 'features_dict',-- DUMMY --,United States,-- DUMMY --,-- DUMMY --,
7336-16,cftc/text/7336-16/press-release.txt,https://storage.googleapis.com/theolex_documents_processing/cftc/text/7336-16/press-release.txt,cftc,United States of America,USD,,,,,,,,,,The CFTC thanks the SEC in this matter for its cooperation.,violated federal laws,USD,,-- DUMMY --,-- DUMMY --,,1,-- DUMMY --,-- DUMMY --,-- DUMMY --,--Error-- 'DataHandler' object has no attribute 'juriction',-- DUMMY --,--Error-- 'DataHandler' object has no attribute 'features_dict',-- DUMMY --,United States,-- DUMMY --,-- DUMMY --,
7590-17,cftc/text/7590-17/press-release.txt,https://storage.googleapis.com/theolex_documents_processing/cftc/text/7590-17/press-release.txt,cftc,United States of America,USD,,,,,,,,,,,civil CFTC Complaint with the Middle District of Florida,USD,,-- DUMMY --,-- DUMMY --,Brian J. Davis,0,-- DUMMY --,-- DUMMY --,-- DUMMY --,--Error-- 'DataHandler' object has no attribute 'juriction',-- DUMMY --,--Error-- 'DataHandler' object has no attribute 'features_dict',-- DUMMY --,United States,-- DUMMY --,-- DUMMY --,
2011-87,sec/text/2011-87/press-release.txt,https://storage.googleapis.com/theolex_documents_processing/sec/text/2011-87/press-release.txt,sec,,USD,,,,,,,,,,,a court order,USD,1934-07-12,-- DUMMY --,-- DUMMY --,,0,-- DUMMY --,-- DUMMY --,-- DUMMY --,--Error-- 'DataHandler' object has no attribute 'juriction',-- DUMMY --,--Error-- 'DataHandler' object has no attribute 'features_dict',-- DUMMY --,the united kingdom;;new brunswick;;poland;;bribes;;iraq;;the district of columbia;;romania;;the united kingdom serious fraud office;;d.c.;;greece;;radom;;washington,-- DUMMY --,-- DUMMY --,"“J&J chose profit margins over compliance with the law by acquiring a private company for the purpose of paying bribes, and using sham contracts, off-shore companies, and slush funds to cover its tracks.”;;Without admitting or denying the SEC’s allegations, J&J has consented to the entry of a court order permanently enjoining it from future violations of Sections 30A, 13(b)(2)(A), and 13(b)(2)(B) of the Securities Exchange Act of 1934; ordering it to pay $38,227,826 in disgorgement and $10,438,490 in prejudgment interest; and ordering it to comply with certain undertakings regarding its FCPA compliance program.;;J&J’s internal investigation and its ongoing compliance programs were essential in gathering facts regarding the full extent of J&J’s FCPA violations."
7456-16,cftc/text/7456-16/press-release.txt,https://storage.googleapis.com/theolex_documents_processing/cftc/text/7456-16/press-release.txt,cftc,United States of America,USD,,,,,,,,,,,,USD,,-- DUMMY --,-- DUMMY --,,0,-- DUMMY --,-- DUMMY --,-- DUMMY --,--Error-- 'DataHandler' object has no attribute 'juriction',-- DUMMY --,--Error-- 'DataHandler' object has no attribute 'features_dict',-- DUMMY --,United States,-- DUMMY --,-- DUMMY --,
8256-20,cftc/text/8256-20/press-release.txt,https://storage.googleapis.com/theolex_documents_processing/cftc/text/8256-20/press-release.txt,cftc,United States of America,USD,,,,,,,,,,,U.S. District Court for the Southern District of Texas,USD,,-- DUMMY --,-- DUMMY --,,0,-- DUMMY --,-- DUMMY --,-- DUMMY --,--Error-- 'DataHandler' object has no attribute 'juriction',-- DUMMY --,--Error-- 'DataHandler' object has no attribute 'features_dict',-- DUMMY --,United States,-- DUMMY --,-- DUMMY --,
panasonic-avionics-corporation,doj/text/panasonic-avionics-corporation/press-release.txt,https://storage.googleapis.com/theolex_documents_processing/doj/text/panasonic-avionics-corporation/press-release.txt,doj,,USD,,,,,,,,,,"PAC also agreed to continue to cooperate with the department’s investigation, enhance its compliance program, implement rigorous internal controls and retain an independent corporate compliance monitor for at least two years.;;The Criminal Division’s Fraud Section reached this resolution based on a number of factors, including the fact that PAC did not timely voluntarily self-disclose the conduct, but did cooperate with the department’s investigation after receiving a request for documents from the SEC.;;PAC received a 20 percent discount off the low end of the U.S. Sentencing Guidelines fine range because of its cooperation and remediation, which, although untimely in certain respects, did include causing several senior executives who were either involved in or aware of the misconduct to be separated from PAC or Panasonic.;;The Fraud Section appreciates the significant cooperation and assistance provided by the SEC in this matter.",,USD,,-- DUMMY --,-- DUMMY --,,1,-- DUMMY --,-- DUMMY --,-- DUMMY --,--Error-- 'DataHandler' object has no attribute 'juriction',-- DUMMY --,--Error-- 'DataHandler' object has no attribute 'features_dict',-- DUMMY --,california;;los angeles;;lake forest;;the district of columbia;;u.s.;;component(s,-- DUMMY --,-- DUMMY --,"According to admissions and court documents, PAC formally terminated its relationship with these sales agents, as required by its compliance policies, but PAC employees then secretly continued to use the agents by having them rehired as sub-agents of another company, which had passed PAC’s due diligence checks.;;PAC also agreed to continue to cooperate with the department’s investigation, enhance its compliance program, implement rigorous internal controls and retain an independent corporate compliance monitor for at least two years.;;Because many of the company’s compliance enhancements were more recent, and therefore have not been tested, the DPA imposes an independent compliance monitor for a term of two years, followed by an additional year of self-reporting to the department."
8122-20,cftc/text/8122-20/press-release.txt,https://storage.googleapis.com/theolex_documents_processing/cftc/text/8122-20/press-release.txt,cftc,United States of America,USD,,,,,,,,,,"“We applaud the work of the CFTC in its successful judgment, and we will continue to assist and engage in cooperative enforcement efforts with our federal partners to combat fraudulent practices in currency and commodity trading,” said Alabama Securities Commission Chief Deputy Director Amanda Senn.",,USD,2020-02-14,-- DUMMY --,-- DUMMY --,Andrew L. Brasher,0,-- DUMMY --,-- DUMMY --,-- DUMMY --,--Error-- 'DataHandler' object has no attribute 'juriction',-- DUMMY --,--Error-- 'DataHandler' object has no attribute 'features_dict',-- DUMMY --,United States,-- DUMMY --,-- DUMMY --,
in-re-credit-suisse,doj/text/in-re-credit-suisse/press-release.txt,https://storage.googleapis.com/theolex_documents_processing/doj/text/in-re-credit-suisse/press-release.txt,doj,,USD,,,,,,,,,,"As part of the agreement, CSHK and its parent company Credit Suisse AG also agreed to continue to cooperate with the Department in any ongoing investigations and prosecutions relating to the conduct, to enhance their compliance programs and to report to the Department on the implementation of their enhanced compliance programs.;;CSHK received partial credit for its and its parent company’s cooperation with the criminal investigation, including making foreign-based employees available for interviews in the United States and producing documents to the government from foreign countries in ways that did not implicate foreign data privacy laws.;;However, CSHK did not receive additional cooperation credit because its cooperation was reactive and not proactive.;;The Fraud Section and U.S. Attorney’s Office appreciate the significant cooperation and assistance provided by the SEC in this matter.",,USD,2019-03-27,-- DUMMY --,-- DUMMY --,,0,-- DUMMY --,-- DUMMY --,-- DUMMY --,--Error-- 'DataHandler' object has no attribute 'juriction',-- DUMMY --,--Error-- 'DataHandler' object has no attribute 'features_dict',-- DUMMY --,csag;;the united states;;hong kong;;new york field office;;u.s.;;new york’s;;beijing;;new york,-- DUMMY --,-- DUMMY --,"As part of the agreement, CSHK and its parent company Credit Suisse AG also agreed to continue to cooperate with the Department in any ongoing investigations and prosecutions relating to the conduct, to enhance their compliance programs and to report to the Department on the implementation of their enhanced compliance programs."
master-halbert,doj/text/master-halbert/press-release-sentencing.txt,https://storage.googleapis.com/theolex_documents_processing/doj/text/master-halbert/press-release-sentencing.txt,doj,,USD,,,,,,,,,,,,USD,2019-07-30,-- DUMMY --,-- DUMMY --,Susan O. Mollway,0,-- DUMMY --,-- DUMMY --,-- DUMMY --,--Error-- 'DataHandler' object has no attribute 'juriction',-- DUMMY --,--Error-- 'DataHandler' object has no attribute 'features_dict',-- DUMMY --,the federated states;;the united states;;honolulu;;hawaii;;u.s.;;district;;the district of hawaii,-- DUMMY --,-- DUMMY --,
8259-20,cftc/text/8259-20/press-release.txt,https://storage.googleapis.com/theolex_documents_processing/cftc/text/8259-20/press-release.txt,cftc,United States of America,USD,,,,,,,,,,,,USD,,-- DUMMY --,-- DUMMY --,,0,-- DUMMY --,-- DUMMY --,-- DUMMY --,--Error-- 'DataHandler' object has no attribute 'juriction',-- DUMMY --,--Error-- 'DataHandler' object has no attribute 'features_dict',-- DUMMY --,United States,-- DUMMY --,-- DUMMY --,
daniel-perez,doj/text/daniel-perez/press-release.txt,https://storage.googleapis.com/theolex_documents_processing/doj/text/daniel-perez/press-release.txt,doj,,USD,,,,,,,,,,,,USD,,-- DUMMY --,-- DUMMY --,Alfred H. Bennett,0,-- DUMMY --,-- DUMMY --,-- DUMMY --,--Error-- 'DataHandler' object has no attribute 'juriction',-- DUMMY --,--Error-- 'DataHandler' object has no attribute 'features_dict',-- DUMMY --,texas;;san antonio;;the united states;;ray;;mexico;;u.s.;;magnolia;;brownsville;;houston,-- DUMMY --,-- DUMMY --,
roger-richard-boncy,doj/text/roger-richard-boncy/press-release-indictment.txt,https://storage.googleapis.com/theolex_documents_processing/doj/text/roger-richard-boncy/press-release-indictment.txt,doj,,USD,,,,,,,,,,,,USD,,-- DUMMY --,-- DUMMY --,,0,-- DUMMY --,-- DUMMY --,-- DUMMY --,--Error-- 'DataHandler' object has no attribute 'juriction',-- DUMMY --,--Error-- 'DataHandler' object has no attribute 'features_dict',-- DUMMY --,maryland;;haiti;;madrid;;the district of massachusetts;;massachusetts;;fulton;;u.s.;;boston;;the republic of haiti;;spain,-- DUMMY --,-- DUMMY --,
dimitrij-harder,doj/text/dimitrij-harder/press-release.txt,https://storage.googleapis.com/theolex_documents_processing/doj/text/dimitrij-harder/press-release.txt,doj,,USD,,,,,,,,,,,federal court,USD,,-- DUMMY --,-- DUMMY --,,0,-- DUMMY --,-- DUMMY --,-- DUMMY --,--Error-- 'DataHandler' object has no attribute 'juriction',-- DUMMY --,--Error-- 'DataHandler' object has no attribute 'features_dict',-- DUMMY --,pennsylvania;;huntingdon valley;;england;;london;;u.s.;;component(s;;charge hanko,-- DUMMY --,-- DUMMY --,
2020-265,sec/text/2020-265/press-release.txt,https://storage.googleapis.com/theolex_documents_processing/sec/text/2020-265/press-release.txt,sec,,USD,,,,,,,,,,,,USD,2019-12-12,-- DUMMY --,-- DUMMY --,,0,-- DUMMY --,-- DUMMY --,-- DUMMY --,--Error-- 'DataHandler' object has no attribute 'juriction',-- DUMMY --,--Error-- 'DataHandler' object has no attribute 'features_dict',-- DUMMY --,malaysia;;hong kong;;the united kingdom’s;;d.c.;;washington,-- DUMMY --,-- DUMMY --,
deutsche-bank-aktiengesellshaft,doj/text/deutsche-bank-aktiengesellshaft/press-release.txt,https://storage.googleapis.com/theolex_documents_processing/doj/text/deutsche-bank-aktiengesellshaft/press-release.txt,doj,,USD,,,,,,,,,,Deutsche Bank received full credit for its cooperation with the department's investigations and for its significant remediation.,,USD,,-- DUMMY --,-- DUMMY --,,0,-- DUMMY --,-- DUMMY --,-- DUMMY --,--Error-- 'DataHandler' object has no attribute 'juriction',-- DUMMY --,--Error-- 'DataHandler' object has no attribute 'features_dict',-- DUMMY --,the united kingdom;;frankfurt;;the united states;;chicago;;new york field office;;germany;;france;;whitman knapp;;usao;;london;;connecticut;;u.s.;;the united arab emirates;;new canaan;;singapore;;new york,-- DUMMY --,-- DUMMY --,
8061-19,cftc/text/8061-19/press-release.txt,https://storage.googleapis.com/theolex_documents_processing/cftc/text/8061-19/press-release.txt,cftc,United States of America,USD,,,,,,,,,,,U.S. District Court for the Southern District of New York,USD,,-- DUMMY --,-- DUMMY --,,0,-- DUMMY --,-- DUMMY --,-- DUMMY --,--Error-- 'DataHandler' object has no attribute 'juriction',-- DUMMY --,--Error-- 'DataHandler' object has no attribute 'features_dict',-- DUMMY --,United States,-- DUMMY --,-- DUMMY --,
7265-15,cftc/text/7265-15/press-release.txt,https://storage.googleapis.com/theolex_documents_processing/cftc/text/7265-15/press-release.txt,cftc,United States of America,USD,,,,,,,,,,"In the Order, the CFTC recognizes BNPP’s cooperation during the CFTC’s investigation and that BNPP voluntarily undertook remedial action to strengthen its policies and procedures related to compliance with the applicable regulations.",,USD,,-- DUMMY --,-- DUMMY --,,0,-- DUMMY --,-- DUMMY --,-- DUMMY --,--Error-- 'DataHandler' object has no attribute 'juriction',-- DUMMY --,--Error-- 'DataHandler' object has no attribute 'features_dict',-- DUMMY --,United States,-- DUMMY --,-- DUMMY --,"The Order also requires that BNPP must regularly review its policies and procedures and provide training to ensure compliance with applicable regulations.;;In the Order, the CFTC recognizes BNPP’s cooperation during the CFTC’s investigation and that BNPP voluntarily undertook remedial action to strengthen its policies and procedures related to compliance with the applicable regulations."
7240-15,cftc/text/7240-15/press-release.txt,https://storage.googleapis.com/theolex_documents_processing/cftc/text/7240-15/press-release.txt,cftc,United States of America,USD,,,,,,,,,,,,USD,,-- DUMMY --,-- DUMMY --,,0,-- DUMMY --,-- DUMMY --,-- DUMMY --,--Error-- 'DataHandler' object has no attribute 'juriction',-- DUMMY --,--Error-- 'DataHandler' object has no attribute 'features_dict',-- DUMMY --,United States,-- DUMMY --,-- DUMMY --,
jose-orlando-camacho,doj/text/jose-orlando-camacho/press-release-guilty-plea.txt,https://storage.googleapis.com/theolex_documents_processing/doj/text/jose-orlando-camacho/press-release-guilty-plea.txt,doj,,USD,,,,,,,,,,,,USD,2021-04-19,-- DUMMY --,-- DUMMY --,Nancy K. Johnson,0,-- DUMMY --,-- DUMMY --,-- DUMMY --,--Error-- 'DataHandler' object has no attribute 'juriction',-- DUMMY --,--Error-- 'DataHandler' object has no attribute 'features_dict',-- DUMMY --,texas;;houston;;camacho;;florida;;miami;;conroe;;the cayman islands’ office of the director of public prosecutions;;u.s.;;boston;;venezuela,-- DUMMY --,-- DUMMY --,
adrian-jose-velasquez-figueroa,doj/text/adrian-jose-velasquez-figueroa/press-release-indictment.txt,https://storage.googleapis.com/theolex_documents_processing/doj/text/adrian-jose-velasquez-figueroa/press-release-indictment.txt,doj,,USD,,"RAUL GORRIN BELISARIO,CLAUDIA PATRICIA DIAZ GUILLEN,ADRIAN JOSE VELASQUEZ FIGUEROA,",UNITED STATES DISTRICT COURT ANGELA E. NOBLE SOUTHERN DISTRICT OF FLORIDA CLERK U.S. DIST. CT.,,,,,,,,,USD,,-- DUMMY --,-- DUMMY --,,0,-- DUMMY --,-- DUMMY --,-- DUMMY --,--Error-- 'DataHandler' object has no attribute 'juriction',-- DUMMY --,--Error-- 'DataHandler' object has no attribute 'features_dict',-- DUMMY --,velasquez;;houston;;madrid;;florida;;usao;;miami;;u.s.;;boston;;spain;;venezuela,-- DUMMY --,-- DUMMY --,
2007-77,sec/text/2007-77/press-release.txt,https://storage.googleapis.com/theolex_documents_processing/sec/text/2007-77/press-release.txt,sec,,USD,,,,,,,,,,"The Commission acknowledges Baker Hughes' cooperation in the investigation.;;The staff acknowledges the cooperation and assistance of the U.S.  Department of Justice, Fraud Section.",,USD,2003-07-12,-- DUMMY --,-- DUMMY --,Gray H. Miller,1,-- DUMMY --,-- DUMMY --,-- DUMMY --,--Error-- 'DataHandler' object has no attribute 'juriction',-- DUMMY --,--Error-- 'DataHandler' object has no attribute 'features_dict',-- DUMMY --,texas;;uzbekistan;;angola;;the united kingdom;;the united states department of justice;;kaztransoil;;united states;;fearnley;;nigeria;;indonesia;;london;;russia;;switzerland;;atyrau;;d.c.;;kazakhstan;;houston;;washington,-- DUMMY --,-- DUMMY --,"Under the agreement, the company will retain for a period of three years a monitor to review and assess the company's compliance program and monitor its implementation of and compliance with new internal policies and procedures."
2015-165,sec/text/2015-165/press-release.txt,https://storage.googleapis.com/theolex_documents_processing/sec/text/2015-165/press-release.txt,sec,,USD,,,,,,,,,,,,USD,1934-07-12,-- DUMMY --,-- DUMMY --,,0,-- DUMMY --,-- DUMMY --,-- DUMMY --,--Error-- 'DataHandler' object has no attribute 'juriction',-- DUMMY --,--Error-- 'DataHandler' object has no attribute 'features_dict',-- DUMMY --,california;;sap;;germany;;miami;;panama;;u.s.;;d.c.;;mexico;;washington,-- DUMMY --,-- DUMMY --,
petros-contoguris,doj/text/petros-contoguris/press-release.txt,https://storage.googleapis.com/theolex_documents_processing/doj/text/petros-contoguris/press-release.txt,doj,,USD,,,,,,,,,,,,USD,,-- DUMMY --,-- DUMMY --,,0,-- DUMMY --,-- DUMMY --,-- DUMMY --,--Error-- 'DataHandler' object has no attribute 'juriction',-- DUMMY --,--Error-- 'DataHandler' object has no attribute 'features_dict',-- DUMMY --,,-- DUMMY --,-- DUMMY --,
